"n_firms","mean_employment","sd_employment","n_above_100","pct_above_100"
174,63.3073505548467,24.6672445532181,11,6.32183908045977
