"firm_sector","FALSE","TRUE","NA","total","pct_treated"
"Fast Food",96,44,11,140,31.4285714285714
"Hospitality",94,55,11,149,36.9127516778523
"Retail",127,82,20,209,39.2344497607655
